"","heading","frame","roadX","roadZ","heading_rads"
"1",0.5,1,0,0,0.00872664625997165
"2",0.5,2,-0.00116546892967489,0.13353934091311,0.00872664625997165
"3",0.5,3,-0.00232684142849645,0.266609313092038,0.00872664625997165
"4",0.5,4,-0.00349043130521162,0.399933352260594,0.00872664625997165
"5",0.5,5,-0.00465410371607467,0.533266848185509,0.00872664625997165
"6",0.5,6,-0.00581728794625192,0.666544408404744,0.00872664625997165
"7",0.5,7,-0.00697812694755454,0.799553252478714,0.00872664625997165
"8",0.5,8,-0.0081407306183977,0.932764292253808,0.00872664625997165
"9",0.5,9,-0.00930445110509911,1.06610329670461,0.00872664625997165
"10",0.5,10,-0.0104678075519541,1.19940058949762,0.00872664625997165
"11",0.5,11,-0.0116311930684296,1.33270121308553,0.00872664625997165
"12",0.5,12,-0.0127940377648186,1.46593986954925,0.00872664625997165
"13",0.5,13,-0.0139576146563291,1.59926242087405,0.00872664625997165
"14",0.5,14,-0.0151213097781037,1.73259851901347,0.00872664625997165
"15",0.5,15,-0.0162841434790031,1.86583591561484,0.00872664625997165
"16",0.5,16,-0.0174476032279884,1.99914504475804,0.00872664625997165
"17",0.5,17,-0.0186110148638931,2.13244866110816,0.00872664625997165
"18",0.5,18,-0.019774369704514,2.26574576985898,0.00872664625997165
"19",0.5,19,-0.0209377639406591,2.39904739254598,0.00872664625997165
"20",0.5,20,-0.0221013763017212,2.53237400796929,0.00872664625997165
"21",0.5,21,-0.0232651322839557,2.66571707949555,0.00872664625997165
"22",0.5,22,-0.0244284312851923,2.799007790174,0.00872664625997165
"23",0.5,23,-0.0255929043132357,2.93243302075426,0.00872664625997165
"24",0.5,24,-0.0267558516259864,3.06568343499287,0.00872664625997165
"25",0.5,25,-0.0279184131387252,3.19888964429559,0.00872664625997165
"26",0.5,26,-0.0290836584550405,3.33240336360705,0.00872664625997165
"27",0.5,27,-0.0302461115778849,3.46559715360394,0.00872664625997165
"28",0.5,28,-0.0314093738968473,3.59888366123021,0.00872664625997165
"29",0.5,29,-0.0325723757091665,3.73214032002521,0.00872664625997165
"30",0.5,30,-0.0337359200539712,3.86545914215094,0.00872664625997165
"31",0.5,31,-0.03489927130782,3.99875583992971,0.00872664625997165
"32",0.5,32,-0.0360629857266919,4.13209414912906,0.00872664625997165
"33",0.5,33,-0.037226580233197,4.2654187187786,0.00872664625997165
"34",0.5,34,-0.0383898571998889,4.3987069047406,0.00872664625997165
"35",0.5,35,-0.0395535465894802,4.53204234608689,0.00872664625997165
"36",0.5,36,-0.0407170875177995,4.66536077675199,0.00872664625997165
"37",0.5,37,-0.0418806046802345,4.79867648432388,0.00872664625997165
"38",0.5,38,-0.0430441603372694,4.93199660260409,0.00872664625997165
"39",0.5,39,-0.0442073895145718,5.06527931286148,0.00872664625997165
"40",0.5,40,-0.0453707877210764,5.19858139047196,0.00872664625997165
"41",0.5,41,-0.0465340117196428,5.33186350735019,0.00872664625997165
"42",0.5,42,-0.0476971494321187,5.46513573757476,0.00872664625997165
"43",0.5,43,-0.0488605711770081,5.59844051221156,0.00872664625997165
"44",0.5,44,-0.0500238755108611,5.73173183390079,0.00872664625997165
"45",0.5,45,-0.0511878531105579,5.86510029833896,0.00872664625997165
"46",0.5,46,-0.0523514296933479,5.99842281429059,0.00872664625997165
"47",0.5,47,-0.0535146121456423,6.13170017080013,0.00872664625997165
"48",0.5,48,-0.0546774221781988,6.26493485548458,0.00872664625997165
"49",0.5,49,-0.0558409695220342,6.39825402123902,0.00872664625997165
"50",0.5,50,-0.0570043577112944,6.5315549510744,0.00872664625997165
"51",0.5,51,-0.0581674863249807,6.66482613876035,0.00872664625997165
"52",0.5,52,-0.0593305276060763,6.79808731988474,0.00872664625997165
"53",0.5,53,-0.0604939893916112,6.93139668237564,0.00872664625997165
"54",0.5,54,-0.0616573918897037,7.06469925171593,0.00872664625997165
"55",0.5,55,-0.0628207801695274,7.19800019192806,0.00872664625997165
"56",0.5,56,-0.0639841993055333,7.3313046676392,0.00872664625997165
"57",0.5,57,-0.0651469181114186,7.46452889957862,0.00872664625997165
"58",0.5,58,-0.0663107860786163,7.59788480233342,0.00872664625997165
"59",0.5,59,-0.067474141746599,7.7311820058833,0.00872664625997165
"60",0.5,60,-0.0686373287657781,7.86445988566616,0.00872664625997165
"61",0.5,61,-0.0698011809982302,7.997813985535,0.00872664625997165
"62",0.5,62,-0.0709640036728971,8.13105011875149,0.00872664625997165
"63",0.5,63,-0.0721277969247203,8.26439746062439,0.00872664625997165
"64",0.5,64,-0.0732910175283014,8.39767918850546,0.00872664625997165
"65",0.5,65,-0.0744545222107326,8.53099346611946,0.00872664625997165
"66",0.5,66,-0.0756175768595327,8.66425617891441,0.00872664625997165
"67",0.5,67,-0.076781331985068,8.79759915228015,0.00872664625997165
"68",0.5,68,-0.0779444641441773,8.93087074620039,0.00872664625997165
"69",0.5,69,-0.0791078679996823,9.0641734710729,0.00872664625997165
"70",0.5,70,-0.0802721390289365,9.19757555664734,0.00872664625997165
"71",0.5,71,-0.081434780853606,9.33079096808493,0.00872664625997165
"72",0.5,72,-0.0825979125169774,9.46406250520357,0.00872664625997165
"73",0.5,73,-0.083761330088372,9.59736680164167,0.00872664625997165
"74",0.5,74,-0.0849244362335681,9.73063541488973,0.00872664625997165
"75",0.5,75,-0.0860881518297064,9.86397385898018,0.00872664625997165
"76",0.5,76,-0.0872513669547193,9.99725495912732,0.00872664625997165
"77",0.5,77,-0.0884146179998611,10.1305401750001,0.00872664625997165
"78",0.5,78,-0.089577953935809,10.2638351176549,0.00872664625997165
"79",0.5,79,-0.0907416100005036,10.3971667406371,0.00872664625997165
"80",0.5,80,-0.0919046400144231,10.5304266307693,0.00872664625997165
"81",0.5,81,-0.0930678043875234,10.6637019157662,0.00872664625997165
"82",0.5,82,-0.094231536208719,10.7970422189225,0.00872664625997165
"83",0.5,83,-0.0953944204420134,10.9302854055218,0.00872664625997165
"84",0.5,84,-0.0965580121476765,11.0636096542511,0.00872664625997165
"85",0.5,85,-0.097721331779562,11.1969027287877,0.00872664625997165
"86",0.5,86,-0.0988846551201693,11.3301962282694,0.00872664625997165
"87",0.5,87,-0.100048477116847,11.4635468637255,0.00872664625997165
"88",0.5,88,-0.101211563410535,11.5968132023893,0.00872664625997165
"89",0.5,89,-0.102375396563313,11.7301651161105,0.00872664625997165
"90",0.5,90,-0.103538056425287,11.8633825942611,0.00872664625997165
"91",0.5,91,-0.104701273819663,11.9966639544317,0.00872664625997165
"92",0.5,92,-0.1058649109746,12.1299934107352,0.00872664625997165
"93",0.5,93,-0.107028381920337,12.2633038228015,0.00872664625997165
"94",0.5,94,-0.108191562727036,12.3965809907589,0.00872664625997165
"95",0.5,95,-0.109354851290152,12.5298705054382,0.00872664625997165
"96",0.5,96,-0.110518037187888,12.6631482567262,0.00872664625997165
"97",0.5,97,-0.111683246489638,12.7966578494915,0.00872664625997165
"98",0.5,98,-0.112845424569833,12.9298201251227,0.00872664625997165
"99",0.5,99,-0.114008704199727,13.0631086162341,0.00872664625997165
"100",0.5,100,-0.115172494357129,13.1964556035484,0.00872664625997165
"101",0.5,101,-0.116335464573037,13.3297086420291,0.00872664625997165
"102",0.5,102,-0.117499125628493,13.4630408368524,0.00872664625997165
"103",0.5,103,-0.118662459827009,13.5963355804324,0.00872664625997165
"104",0.5,104,-0.119825787785526,13.7296296090338,0.00872664625997165
"105",0.5,105,-0.120988511927188,13.8628544523461,0.00872664625997165
"106",0.5,106,-0.122151733476545,13.9961362885941,0.00872664625997165
"107",0.5,107,-0.123315447195783,14.1294745176295,0.00872664625997165
"108",0.5,108,-0.124479000016632,14.2627943109397,0.00872664625997165
"109",0.5,109,-0.125641839517849,14.396032372141,0.00872664625997165
"110",0.5,110,-0.126804795835721,14.5292838181858,0.00872664625997165
"111",0.5,111,-0.127968153163242,14.6625812118853,0.00872664625997165
"112",0.5,112,-0.129131515157294,14.7958791402759,0.00872664625997165
"113",0.5,113,-0.130294814540723,14.9291698947458,0.00872664625997165
"114",0.5,114,-0.131458082257722,15.0624570208787,0.00872664625997165
"115",0.5,115,-0.132621905821663,15.1958078359117,0.00872664625997165
"116",0.5,116,-0.133785855602265,15.3291731128402,0.00872664625997165
"117",0.5,117,-0.134949073896539,15.462454576121,0.00872664625997165
"118",0.5,118,-0.136113050315687,15.5958229052919,0.00872664625997165
"119",0.5,119,-0.137276175560342,15.7290937069546,0.00872664625997165
"120",0.5,120,-0.138439264442816,15.8623603422413,0.00872664625997165
"121",0.5,121,-0.139602134559573,15.9956019113688,0.00872664625997165
"122",0.5,122,-0.140765418142621,16.1288908554324,0.00872664625997165
"123",0.5,123,-0.141928608470358,16.2621691143096,0.00872664625997165
"124",0.5,124,-0.143092002552402,16.3954707193396,0.00872664625997165
"125",0.5,125,-0.144255032378112,16.5287305879069,0.00872664625997165
"126",0.5,126,-0.145418566949379,16.6620482901814,0.00872664625997165
"127",0.5,127,-0.146581953318325,16.7953490114453,0.00872664625997165
"128",0.5,128,-0.147744954532194,16.9286056016699,0.00872664625997165
"129",0.5,129,-0.148908687688893,17.061946057848,0.00872664625997165
"130",0.5,130,-0.15007182267688,17.1952179759009,0.00872664625997165
"131",0.5,131,-0.151235332835299,17.3285328809531,0.00872664625997165
"132",0.5,132,-0.152399342720835,17.4619050447003,0.00872664625997165
"133",0.5,133,-0.153562293513911,17.5951558577144,0.00872664625997165
"134",0.5,134,-0.154727035290737,17.7286118815095,0.00872664625997165
"135",0.5,135,-0.155888908241257,17.8617391954059,0.00872664625997165
"136",0.5,136,-0.157051883818851,17.9949928482281,0.00872664625997165
"137",0.5,137,-0.15821543003347,18.128311884597,0.00872664625997165
"138",0.5,138,-0.159378480268096,18.2615740916162,0.00872664625997165
"139",0.5,139,-0.160541964668163,18.3948860452784,0.00872664625997165
"140",0.5,140,-0.161705341891319,18.5281857186184,0.00872664625997165
"141",0.5,141,-0.162868478227999,18.6614577912044,0.00872664625997165
"142",0.5,142,-0.164031663654204,18.7947354884645,0.00872664625997165
"143",0.5,143,-0.165195218043015,18.9280554614317,0.00872664625997165
"144",0.5,144,-0.166358669973288,19.0613636947074,0.00872664625997165
"145",0.5,145,-0.167524444858681,19.1949380920033,0.00872664625997165
"146",0.5,146,-0.168687740783423,19.3282284501773,0.00872664625997165
"147",0.5,147,-0.169848998855867,19.4612853113905,0.00872664625997165
"148",0.5,148,-0.171012314915723,19.5945779766444,0.00872664625997165
"149",0.5,149,-0.172175743325953,19.7278835149954,0.00872664625997165
"150",0.5,150,-0.173338757751976,19.8611416190675,0.00872664625997165
"151",1,1,0,0,0.0174532925199433
"152",1,2,-0.00232555721419304,0.13319049700156,0.0174532925199433
"153",1,3,-0.00465147314914507,0.266401538841098,0.0174532925199433
"154",1,4,-0.00697792069268692,0.3996430272385,0.0174532925199433
"155",1,5,-0.00930283020785799,0.53279642889185,0.0174532925199433
"156",1,6,-0.0116300899956016,0.66608443655279,0.0174532925199433
"157",1,7,-0.0139502651622605,0.798966690187304,0.0174532925199433
"158",1,8,-0.0162745213517898,0.932082674241811,0.0174532925199433
"159",1,9,-0.0186012463183198,1.06534005134986,0.0174532925199433
"160",1,10,-0.0209263034037543,1.19850190472248,0.0174532925199433
"161",1,11,-0.023251924182011,1.33169604219746,0.0174532925199433
"162",1,12,-0.0255773781084547,1.46488062365045,0.0174532925199433
"163",1,13,-0.0279035300422617,1.59810518173658,0.0174532925199433
"164",1,14,-0.0302288939307829,1.73128460649182,0.0174532925199433
"165",1,15,-0.0325554371220726,1.86453157287574,0.0174532925199433
"166",1,16,-0.0348806815696884,1.99770415695062,0.0174532925199433
"167",1,17,-0.0372070816053178,2.13094292445067,0.0174532925199433
"168",1,18,-0.0395324189072698,2.26412082652638,0.0174532925199433
"169",1,19,-0.0418593712452684,2.39739122576896,0.0174532925199433
"170",1,20,-0.0441851676676237,2.5305954228222,0.0174532925199433
"171",1,21,-0.0465111901292115,2.66381256570947,0.0174532925199433
"172",1,22,-0.0488365080085502,2.79698935540337,0.0174532925199433
"173",1,23,-0.0511628179032076,2.93022296030377,0.0174532925199433
"174",1,24,-0.0534884276957978,3.06341646860207,0.0174532925199433
"175",1,25,-0.0558145701389629,3.19664048313533,0.0174532925199433
"176",1,26,-0.0581423046160796,3.32995567744777,0.0174532925199433
"177",1,27,-0.0604679529292895,3.46315139191861,0.0174532925199433
"178",1,28,-0.0627962289441282,3.59649760145523,0.0174532925199433
"179",1,29,-0.0651209634678265,3.72964098090784,0.0174532925199433
"180",1,30,-0.0674465301892588,3.86283202241285,0.0174532925199433
"181",1,31,-0.0697727112258512,3.99605824728853,0.0174532925199433
"182",1,32,-0.0721001989073762,4.12935930699816,0.0174532925199433
"183",1,33,-0.0744263900071272,4.26258610821619,0.0174532925199433
"184",1,34,-0.0767533700644617,4.3958580950147,0.0174532925199433
"185",1,35,-0.0790796079751699,4.5290875772137,0.0174532925199433
"186",1,36,-0.0814050291970935,4.66227028559675,0.0174532925199433
"187",1,37,-0.0837302154442714,4.79543953638651,0.0174532925199433
"188",1,38,-0.0860567457358821,4.92868576397345,0.0174532925199433
"189",1,39,-0.088382552804653,5.06189057077363,0.0174532925199433
"190",1,40,-0.090708374526507,5.19509621679264,0.0174532925199433
"191",1,41,-0.0930338283167293,5.32828079044388,0.0174532925199433
"192",1,42,-0.0953591630356282,5.46145854458166,0.0174532925199433
"193",1,43,-0.0976879256268931,5.59483262157113,0.0174532925199433
"194",1,44,-0.100011547005183,5.72791224839307,0.0174532925199433
"195",1,45,-0.102336862842977,5.86108892116259,0.0174532925199433
"196",1,46,-0.104662274340386,5.99427107259829,0.0174532925199433
"197",1,47,-0.106993693357116,6.1277972897397,0.0174532925199433
"198",1,48,-0.109315511595201,6.26077364619764,0.0174532925199433
"199",1,49,-0.111641295085459,6.3939771025972,0.0174532925199433
"200",1,50,-0.11396853295036,6.52726385468193,0.0174532925199433
"201",1,51,-0.116293849607695,6.66044057438866,0.0174532925199433
"202",1,52,-0.118617732498935,6.79353517871344,0.0174532925199433
"203",1,53,-0.120944286492183,6.92678276375262,0.0174532925199433
"204",1,54,-0.123269371934977,7.05994624122235,0.0174532925199433
"205",1,55,-0.12559558103228,7.19317407320537,0.0174532925199433
"206",1,56,-0.127921782841374,7.32640148777435,0.0174532925199433
"207",1,57,-0.130246883625321,7.45956584387044,0.0174532925199433
"208",1,58,-0.132573641922608,7.59282512991456,0.0174532925199433
"209",1,59,-0.134900635353241,7.72609788263543,0.0174532925199433
"210",1,60,-0.137226990747547,7.85933409341486,0.0174532925199433
"211",1,61,-0.139552345848766,7.99251301489925,0.0174532925199433
"212",1,62,-0.141879316007339,8.12578443477084,0.0174532925199433
"213",1,63,-0.144204484655323,8.25895267761062,0.0174532925199433
"214",1,64,-0.146530341091128,8.3921603117847,0.0174532925199433
"215",1,65,-0.148855434819422,8.5253242637858,0.0174532925199433
"216",1,66,-0.151182651149835,8.6586097825364,0.0174532925199433
"217",1,67,-0.153508392597243,8.79181083103646,0.0174532925199433
"218",1,68,-0.155834898640531,8.9250556698611,0.0174532925199433
"219",1,69,-0.15816095460805,9.05827473171716,0.0174532925199433
"220",1,70,-0.160487061633492,9.19149671778855,0.0174532925199433
"221",1,71,-0.162812878270209,9.32470207256897,0.0174532925199433
"222",1,72,-0.165138217252211,9.45788007086537,0.0174532925199433
"223",1,73,-0.16746504046286,9.59114307466063,0.0174532925199433
"224",1,74,-0.169791042360285,9.72435903978668,0.0174532925199433
"225",1,75,-0.172117640751049,9.85760916758299,0.0174532925199433
"226",1,76,-0.1744432724736,9.9908039318652,0.0174532925199433
"227",1,77,-0.176769652502789,10.1240415535462,0.0174532925199433
"228",1,78,-0.179096242500851,10.2572912006714,0.0174532925199433
"229",1,79,-0.181422766746729,10.3905370820041,0.0174532925199433
"230",1,80,-0.183748709543865,10.5237496623083,0.0174532925199433
"231",1,81,-0.1860736260336,10.6569034634124,0.0174532925199433
"232",1,82,-0.188400170405438,10.7901504974093,0.0174532925199433
"233",1,83,-0.190725896872852,10.9233506879675,0.0174532925199433
"234",1,84,-0.193054552112443,11.0567186166573,0.0174532925199433
"235",1,85,-0.195379480988644,11.1898731271654,0.0174532925199433
"236",1,86,-0.197703965434171,11.3230021840136,0.0174532925199433
"237",1,87,-0.200032687020952,11.4563739125734,0.0174532925199433
"238",1,88,-0.202359013588301,11.5896084723607,0.0174532925199433
"239",1,89,-0.204682897049046,11.7227031093025,0.0174532925199433
"240",1,90,-0.207007790724133,11.8558556037544,0.0174532925199433
"241",1,91,-0.209335068166212,11.9891446225235,0.0174532925199433
"242",1,92,-0.211660622226178,12.1223349388745,0.0174532925199433
"243",1,93,-0.213985798271822,12.2555036053968,0.0174532925199433
"244",1,94,-0.216311528054416,12.3887039858238,0.0174532925199433
"245",1,95,-0.218639318907659,12.5220224089384,0.0174532925199433
"246",1,96,-0.220963352318309,12.6551256338875,0.0174532925199433
"247",1,97,-0.223290267567729,12.7883939089741,0.0174532925199433
"248",1,98,-0.225615602823539,12.9215716938622,0.0174532925199433
"249",1,99,-0.227941251816028,13.054767447237,0.0174532925199433
"250",1,100,-0.230268496067553,13.1880545650997,0.0174532925199433
"251",1,101,-0.232593410400005,13.3212082426508,0.0174532925199433
"252",1,102,-0.23491951782215,13.4544302514424,0.0174532925199433
"253",1,103,-0.237245605885598,13.5876511515128,0.0174532925199433
"254",1,104,-0.239571803784162,13.7208783421159,0.0174532925199433
"255",1,105,-0.241898267440822,13.854120753352,0.0174532925199433
"256",1,106,-0.244223821615318,13.9873110762625,0.0174532925199433
"257",1,107,-0.246549337583589,14.1204992110066,0.0174532925199433
"258",1,108,-0.248875163499523,14.2537050972311,0.0174532925199433
"259",1,109,-0.251202578483739,14.3870019933834,0.0174532925199433
"260",1,110,-0.253530419822172,14.5203233079116,0.0174532925199433
"261",1,111,-0.255853472648569,14.65337037234,0.0174532925199433
"262",1,112,-0.258179272193119,14.7865747482092,0.0174532925199433
"263",1,113,-0.260504692491346,14.9197574036898,0.0174532925199433
"264",1,114,-0.262831413426004,15.0530145498825,0.0174532925199433
"265",1,115,-0.26515689985683,15.186200992943,0.0174532925199433
"266",1,116,-0.267482052800363,15.3193683363494,0.0174532925199433
"267",1,117,-0.269809204553815,15.4526501566154,0.0174532925199433
"268",1,118,-0.272137403489615,15.5859919516421,0.0174532925199433
"269",1,119,-0.274461636147768,15.7191065879956,0.0174532925199433
"270",1,120,-0.276786093499675,15.8522340931242,0.0174532925199433
"271",1,121,-0.279112623577641,15.9854803084752,0.0174532925199433
"272",1,122,-0.281439107438496,16.1187238768562,0.0174532925199433
"273",1,123,-0.283764286161986,16.2518926967455,0.0174532925199433
"274",1,124,-0.286089865304514,16.3850844496378,0.0174532925199433
"275",1,125,-0.288416004361999,16.5183082702647,0.0174532925199433
"276",1,126,-0.290742072613225,16.6515280356395,0.0174532925199433
"277",1,127,-0.293068048931241,16.7847425357686,0.0174532925199433
"278",1,128,-0.295393627515512,16.9179342566881,0.0174532925199433
"279",1,129,-0.297719381710267,17.0511360352608,0.0174532925199433
"280",1,130,-0.300045525437632,17.1843601233434,0.0174532925199433
"281",1,131,-0.302371688621519,17.3175853257498,0.0174532925199433
"282",1,132,-0.304697402470573,17.4507847936229,0.0174532925199433
"283",1,133,-0.307024177026166,17.584045010821,0.0174532925199433
"284",1,134,-0.309349353491481,17.7172137013789,0.0174532925199433
"285",1,135,-0.311675921734913,17.8504621025619,0.0174532925199433
"286",1,136,-0.314002058030705,17.9836857650197,0.0174532925199433
"287",1,137,-0.316327758475622,18.1168844652042,0.0174532925199433
"288",1,138,-0.318653267744197,18.2500722162399,0.0174532925199433
"289",1,139,-0.320979749487826,18.3833156633621,0.0174532925199433
"290",1,140,-0.323305467998188,18.5165153982,0.0174532925199433
"291",1,141,-0.325631333010695,18.6497235235833,0.0174532925199433
"292",1,142,-0.327957548486628,18.7829517208865,0.0174532925199433
"293",1,143,-0.330284259076815,18.9162082746253,0.0174532925199433
"294",1,144,-0.332609275414034,19.0493677942454,0.0174532925199433
"295",1,145,-0.33493545557821,19.1825939691556,0.0174532925199433
"296",1,146,-0.337261001223912,19.3157838036006,0.0174532925199433
"297",1,147,-0.339587099847441,19.4490053084734,0.0174532925199433
"298",1,148,-0.341913403157016,19.5822385362296,0.0174532925199433
"299",1,149,-0.344239657122668,19.7154689379355,0.0174532925199433
"300",1,150,-0.346565204607034,19.8486588776854,0.0174532925199433
"301",1.5,1,0,0,0.0261799387799149
"302",1.5,2,-0.00348466192722518,0.132982652356594,0.0261799387799149
"303",1.5,3,-0.00697081125484454,0.266022067306997,0.0261799387799149
"304",1.5,4,-0.0104600992643496,0.399181261521725,0.0261799387799149
"305",1.5,5,-0.0139446837372728,0.532160958045377,0.0261799387799149
"306",1.5,6,-0.0174329233772713,0.665280144086989,0.0261799387799149
"307",1.5,7,-0.0209107895412349,0.798003454607219,0.0261799387799149
"308",1.5,8,-0.0243934771174423,0.930910761222817,0.0261799387799149
"309",1.5,9,-0.0278801026281945,1.06396834840838,0.0261799387799149
"310",1.5,10,-0.0313677657368271,1.19706553269723,0.0261799387799149
"311",1.5,11,-0.0348543063260601,1.3301198790838,0.0261799387799149
"312",1.5,12,-0.0383405778038768,1.46316395556452,0.0261799387799149
"313",1.5,13,-0.0418281196598009,1.59625651257327,0.0261799387799149
"314",1.5,14,-0.0453143588810149,1.72929935806842,0.0261799387799149
"315",1.5,15,-0.0488004420328471,1.86233624759974,0.0261799387799149
"316",1.5,16,-0.0522876781245431,1.99541713594769,0.0261799387799149
"317",1.5,17,-0.0557735837494459,2.12844725064621,0.0261799387799149
"318",1.5,18,-0.0592603852714175,2.26151155482163,0.0261799387799149
"319",1.5,19,-0.062747119357973,2.39457328550766,0.0261799387799149
"320",1.5,20,-0.0662336888679326,2.52762873557517,0.0261799387799149
"321",1.5,21,-0.0697214915756408,2.66073124728335,0.0261799387799149
"322",1.5,22,-0.0732088819047431,2.79381802168274,0.0261799387799149
"323",1.5,23,-0.0766948746488499,2.92685146104892,0.0261799387799149
"324",1.5,24,-0.080182661718556,3.05995337597526,0.0261799387799149
"325",1.5,25,-0.0836691440643445,3.19300549965906,0.0261799387799149
"326",1.5,26,-0.0871569500103109,3.32610813494656,0.0261799387799149
"327",1.5,27,-0.0906443721356331,3.45919612276227,0.0261799387799149
"328",1.5,28,-0.0941314483215913,3.5922709087423,0.0261799387799149
"329",1.5,29,-0.0976191279084955,3.7253687218796,0.0261799387799149
"330",1.5,30,-0.101107565107875,3.8584954472381,0.0261799387799149
"331",1.5,31,-0.104594521528069,3.99156566268321,0.0261799387799149
"332",1.5,32,-0.108081794034074,4.12464794068429,0.0261799387799149
"333",1.5,33,-0.111568477865578,4.25770775352285,0.0261799387799149
"334",1.5,34,-0.115057713378075,4.39086494433193,0.0261799387799149
"335",1.5,35,-0.118543645241803,4.52389606036392,0.0261799387799149
"336",1.5,36,-0.12202928529961,4.65691604041593,0.0261799387799149
"337",1.5,37,-0.125517746263463,4.79004367268099,0.0261799387799149
"338",1.5,38,-0.129004173156542,4.92309368016281,0.0261799387799149
"339",1.5,39,-0.132493216856899,5.05624355098286,0.0261799387799149
"340",1.5,40,-0.135976482556544,5.18917292010832,0.0261799387799149
"341",1.5,41,-0.139462142877285,5.32219367344018,0.0261799387799149
"342",1.5,42,-0.142952362666395,5.45538842649125,0.0261799387799149
"343",1.5,43,-0.146437897975041,5.58840440907622,0.0261799387799149
"344",1.5,44,-0.149922204244386,5.72137348871638,0.0261799387799149
"345",1.5,45,-0.153409835026659,5.85446943935755,0.0261799387799149
"346",1.5,46,-0.15689621547808,5.98751767451976,0.0261799387799149
"347",1.5,47,-0.160381669833434,6.12053056774233,0.0261799387799149
"348",1.5,48,-0.163868587244226,6.25359929449963,0.0261799387799149
"349",1.5,49,-0.167356087649428,6.38669026965422,0.0261799387799149
"350",1.5,50,-0.170842959493313,6.51975725747437,0.0261799387799149
"351",1.5,51,-0.174329196216458,6.6528000076375,0.0261799387799149
"352",1.5,52,-0.177817784874008,6.78593251298545,0.0261799387799149
"353",1.5,53,-0.18130385732595,6.91896899418455,0.0261799387799149
"354",1.5,54,-0.184789834835522,7.05200185216611,0.0261799387799149
"355",1.5,55,-0.188277077504761,7.1850829915281,0.0261799387799149
"356",1.5,56,-0.191764770716327,7.31818132461361,0.0261799387799149
"357",1.5,57,-0.195251963462505,7.45126055879765,0.0261799387799149
"358",1.5,58,-0.198743700660064,7.58451321961841,0.0261799387799149
"359",1.5,59,-0.202227764663423,7.71747305383558,0.0261799387799149
"360",1.5,60,-0.205715533917071,7.85057428886048,0.0261799387799149
"361",1.5,61,-0.20920149070059,7.98360635588857,0.0261799387799149
"362",1.5,62,-0.212688315934566,8.11667156496819,0.0261799387799149
"363",1.5,63,-0.216177650517824,8.24983253654364,0.0261799387799149
"364",1.5,64,-0.219665111693473,8.38292201460895,0.0261799387799149
"365",1.5,65,-0.22315106508044,8.51595395201686,0.0261799387799149
"366",1.5,66,-0.22663890485242,8.64905787818223,0.0261799387799149
"367",1.5,67,-0.230126736921494,8.78216151038716,0.0261799387799149
"368",1.5,68,-0.233612846960036,8.9151994259767,0.0261799387799149
"369",1.5,69,-0.237101251400524,9.04832490118109,0.0261799387799149
"370",1.5,70,-0.240588899481905,9.18142151199575,0.0261799387799149
"371",1.5,71,-0.244075896279444,9.3144932683325,0.0261799387799149
"372",1.5,72,-0.24756381459262,9.44760019180915,0.0261799387799149
"373",1.5,73,-0.251054638250485,9.58081798987021,0.0261799387799149
"374",1.5,74,-0.254540430084709,9.71384376205671,0.0261799387799149
"375",1.5,75,-0.2580274166826,9.84691512915161,0.0261799387799149
"376",1.5,76,-0.261514890986838,9.98000510823387,0.0261799387799149
"377",1.5,77,-0.26500144349709,10.1130599095537,0.0261799387799149
"378",1.5,78,-0.268493343213986,10.2463187724833,0.0261799387799149
"379",1.5,79,-0.271978977542282,10.3793385338841,0.0261799387799149
"380",1.5,80,-0.275468913367056,10.5125224502081,0.0261799387799149
"381",1.5,81,-0.278952568717663,10.6454666893035,0.0261799387799149
"382",1.5,82,-0.282439093205234,10.778520421214,0.0261799387799149
"383",1.5,83,-0.285926390234896,10.9116036350938,0.0261799387799149
"384",1.5,84,-0.289413402542555,11.0446759833321,0.0261799387799149
"385",1.5,85,-0.292901346401422,11.1777838816906,0.0261799387799149
"386",1.5,86,-0.296388291024747,11.3108536469403,0.0261799387799149
"387",1.5,87,-0.299877410827776,11.444006422012,0.0261799387799149
"388",1.5,88,-0.303363986477453,11.5770621063852,0.0261799387799149
"389",1.5,89,-0.306851597469772,11.7101573017965,0.0261799387799149
"390",1.5,90,-0.310339202351967,11.8432522640316,0.0261799387799149
"391",1.5,91,-0.313826458628149,11.9763339226656,0.0261799387799149
"392",1.5,92,-0.317314397824404,12.1094416430883,0.0261799387799149
"393",1.5,93,-0.320804833217065,12.2426446240629,0.0261799387799149
"394",1.5,94,-0.324289249901645,12.3756179174004,0.0261799387799149
"395",1.5,95,-0.327775309889622,12.5086539229462,0.0261799387799149
"396",1.5,96,-0.331262905728264,12.6417485400587,0.0261799387799149
"397",1.5,97,-0.334750935375726,12.7748597123058,0.0261799387799149
"398",1.5,98,-0.338237272300926,12.9079062864081,0.0261799387799149
"399",1.5,99,-0.341724494517392,13.0409866452455,0.0261799387799149
"400",1.5,100,-0.345211398064927,13.1740548429493,0.0261799387799149
"401",1.5,101,-0.348698925579658,13.3071468526654,0.0261799387799149
"402",1.5,102,-0.352186628836803,13.4402455691131,0.0261799387799149
"403",1.5,103,-0.355672351504268,13.5732687017383,0.0261799387799149
"404",1.5,104,-0.359160693919229,13.706391809907,0.0261799387799149
"405",1.5,105,-0.362648059987229,13.8394776584474,0.0261799387799149
"406",1.5,106,-0.366133618882289,13.9724945411437,0.0261799387799149
"407",1.5,107,-0.369620510266069,14.1055622746508,0.0261799387799149
"408",1.5,108,-0.373110130426571,14.2387341445057,0.0261799387799149
"409",1.5,109,-0.376595229155338,14.3717334662061,0.0261799387799149
"410",1.5,110,-0.380082893952461,14.5048307149316,0.0261799387799149
"411",1.5,111,-0.383569577084946,14.637890501094,0.0261799387799149
"412",1.5,112,-0.387055934595861,14.7709378607941,0.0261799387799149
"413",1.5,113,-0.390545103480727,14.9040925089407,0.0261799387799149
"414",1.5,114,-0.394031409820587,15.0371379158366,0.0261799387799149
"415",1.5,115,-0.39751734823471,15.1701692818466,0.0261799387799149
"416",1.5,116,-0.401005552063877,15.3032871012651,0.0261799387799149
"417",1.5,117,-0.404491767093713,15.4363290235621,0.0261799387799149
"418",1.5,118,-0.407979672465271,15.5694354531571,0.0261799387799149
"419",1.5,119,-0.411468009069258,15.7025583395658,0.0261799387799149
"420",1.5,120,-0.414954549527547,15.8356126809552,0.0261799387799149
"421",1.5,121,-0.418440494813861,15.9686443092237,0.0261799387799149
"422",1.5,122,-0.421928404869892,16.1017509175889,0.0261799387799149
"423",1.5,123,-0.425415597929043,16.2348301637167,0.0261799387799149
"424",1.5,124,-0.428902319247374,16.3678914071382,0.0261799387799149
"425",1.5,125,-0.432399713710108,16.5013599621099,0.0261799387799149
"426",1.5,126,-0.435885204979836,16.6343742640692,0.0261799387799149
"427",1.5,127,-0.439373556591996,16.7674977232241,0.0261799387799149
"428",1.5,128,-0.442860838309903,16.9005803527724,0.0261799387799149
"429",1.5,129,-0.446346491294681,17.0336008261471,0.0261799387799149
"430",1.5,130,-0.449832853557448,17.1666483671887,0.0261799387799149
"431",1.5,131,-0.453319986752109,17.299725328751,0.0261799387799149
"432",1.5,132,-0.456807582139715,17.4328199286509,0.0261799387799149
"433",1.5,133,-0.460295089578509,17.5659111722234,0.0261799387799149
"434",1.5,134,-0.463782700282044,17.6990063566141,0.0261799387799149
"435",1.5,135,-0.467270334515548,17.8321024389621,0.0261799387799149
"436",1.5,136,-0.470757268341152,17.9651717921461,0.0261799387799149
"437",1.5,137,-0.474245377016277,18.0982859802692,0.0261799387799149
"438",1.5,138,-0.477732581201815,18.2313656510054,0.0261799387799149
"439",1.5,139,-0.481220243283561,18.3644627961059,0.0261799387799149
"440",1.5,140,-0.484707479997605,18.4975437082041,0.0261799387799149
"441",1.5,141,-0.488193727951089,18.6305868869426,0.0261799387799149
"442",1.5,142,-0.491681057515396,18.7636713424187,0.0261799387799149
"443",1.5,143,-0.495167464757256,18.8967205999651,0.0261799387799149
"444",1.5,144,-0.498656435684843,19.0298676936102,0.0261799387799149
"445",1.5,145,-0.502140868948162,19.1628416196302,0.0261799387799149
"446",1.5,146,-0.505629921227301,19.2959918178362,0.0261799387799149
"447",1.5,147,-0.509116075229578,19.4290314111822,0.0261799387799149
"448",1.5,148,-0.512605513550155,19.5621963416105,0.0261799387799149
"449",1.5,149,-0.516082424629038,19.6948832039042,0.0261799387799149
"450",1.5,150,-0.519569283923944,19.8279497128266,0.0261799387799149
"451",2,1,0,0,0.0349065850398866
"452",2,2,-0.00464557646497763,0.13286977601573,0.0349065850398866
"453",2,3,-0.00928994288849491,0.265704943207557,0.0349065850398866
"454",2,4,-0.0139399078634735,0.398700236550419,0.0349065850398866
"455",2,5,-0.0185847892434542,0.531550132194241,0.0349065850398866
"456",2,6,-0.0232283349053127,0.664361824491491,0.0349065850398866
"457",2,7,-0.0278625998728784,0.796908076367892,0.0349065850398866
"458",2,8,-0.0325051656042802,0.929691741327463,0.0349065850398866
"459",2,9,-0.0371494351239169,1.06252413693712,0.0349065850398866
"460",2,10,-0.0417986558768061,1.19549814452071,0.0349065850398866
"461",2,11,-0.0464416568163856,1.32829425702334,0.0349065850398866
"462",2,12,-0.0510853414777849,1.46110992489563,0.0349065850398866
"463",2,13,-0.0557273534016196,1.59387775020905,0.0349065850398866
"464",2,14,-0.0603704772293987,1.72667737748055,0.0349065850398866
"465",2,15,-0.0650148853383522,1.85951373693229,0.0349065850398866
"466",2,16,-0.0696603015497235,1.99237892947793,0.0349065850398866
"467",2,17,-0.0743039309012059,2.12519301541172,0.0349065850398866
"468",2,18,-0.0789516662286545,2.25812453781676,0.0349065850398866
"469",2,19,-0.0835946592070973,2.39092042262011,0.0349065850398866
"470",2,20,-0.0882388258871266,2.52374987687777,0.0349065850398866
"471",2,21,-0.0928861658140508,2.65667009029252,0.0349065850398866
"472",2,22,-0.0975310247685979,2.78951934453858,0.0349065850398866
"473",2,23,-0.102175542519098,2.92235883988697,0.0349065850398866
"474",2,24,-0.106821301441292,3.05523383442611,0.0349065850398866
"475",2,25,-0.111468242596197,3.18814264242127,0.0349065850398866
"476",2,26,-0.116113438899964,3.3210015453117,0.0349065850398866
"477",2,27,-0.120758659109686,3.45386113194483,0.0349065850398866
"478",2,28,-0.125405052025679,3.58675425956491,0.0349065850398866
"479",2,29,-0.130050785875858,3.71962853701047,0.0349065850398866
"480",2,30,-0.134696624596791,3.85250581390155,0.0349065850398866
"481",2,31,-0.139343090090948,3.98540101735537,0.0349065850398866
"482",2,32,-0.143988642469173,4.11827010445735,0.0349065850398866
"483",2,33,-0.148634051180136,4.25113508248118,0.0349065850398866
"484",2,34,-0.153280075249703,4.38401766059413,0.0349065850398866
"485",2,35,-0.157925026233906,4.51686954701293,0.0349065850398866
"486",2,36,-0.162570069933018,4.64972408520367,0.0349065850398866
"487",2,37,-0.167216021948927,4.78260460248444,0.0349065850398866
"488",2,38,-0.171861573767258,4.91547367357272,0.0349065850398866
"489",2,39,-0.176505455119848,5.04829496707933,0.0349065850398866
"490",2,40,-0.181150287882669,5.18114347220657,0.0349065850398866
"491",2,41,-0.185797383211235,5.31405668977715,0.0349065850398866
"492",2,42,-0.19044009967923,5.44684466600735,0.0349065850398866
"493",2,43,-0.195090278687931,5.57984608100443,0.0349065850398866
"494",2,44,-0.199731913717101,5.71260312662019,0.0349065850398866
"495",2,45,-0.204374792372112,5.84539574161862,0.0349065850398866
"496",2,46,-0.209019989857871,5.97825467831566,0.0349065850398866
"497",2,47,-0.213671894585753,6.11130545121755,0.0349065850398866
"498",2,48,-0.218314325480011,6.24408525965226,0.0349065850398866
"499",2,49,-0.222957878055396,6.37689714968573,0.0349065850398866
"500",2,50,-0.227604244729943,6.50978952676492,0.0349065850398866
"501",2,51,-0.232255592011316,6.64282435594201,0.0349065850398866
"502",2,52,-0.236895314811572,6.77552670922209,0.0349065850398866
"503",2,53,-0.241547196292052,6.90857681721683,0.0349065850398866
"504",2,54,-0.246186937917768,7.04127970893058,0.0349065850398866
"505",2,55,-0.250832657390756,7.17415357516899,0.0349065850398866
"506",2,56,-0.2554785043993,7.30703108909697,0.0349065850398866
"507",2,57,-0.260124823713734,7.43992211161282,0.0349065850398866
"508",2,58,-0.264771255317029,7.5728163457421,0.0349065850398866
"509",2,59,-0.269418750489672,7.70574099939459,0.0349065850398866
"510",2,60,-0.274065865430168,7.83865477789292,0.0349065850398866
"511",2,61,-0.278710894709702,7.97150890366418,0.0349065850398866
"512",2,62,-0.283358137623781,8.10442634238021,0.0349065850398866
"513",2,63,-0.288004896009588,8.23732992293175,0.0349065850398866
"514",2,64,-0.292653655841177,8.37029074754214,0.0349065850398866
"515",2,65,-0.297304017568046,8.50329738852621,0.0349065850398866
"516",2,66,-0.301945307240761,8.63604455647982,0.0349065850398866
"517",2,67,-0.306591642322075,8.76893602994978,0.0349065850398866
"518",2,68,-0.311239111886033,8.90185995115919,0.0349065850398866
"519",2,69,-0.315890332957626,9.03489117056573,0.0349065850398866
"520",2,70,-0.32053544470464,9.16774765501857,0.0349065850398866
"521",2,71,-0.32517963061108,9.3005776591776,0.0349065850398866
"522",2,72,-0.329827663479964,9.43351769167049,0.0349065850398866
"523",2,73,-0.334475853837806,9.56646222856079,0.0349065850398866
"524",2,74,-0.33912080179816,9.69931402849342,0.0349065850398866
"525",2,75,-0.343767121974856,9.83220507567114,0.0349065850398866
"526",2,76,-0.348415380306129,9.96515155669358,0.0349065850398866
"527",2,77,-0.353063041072207,10.0980809465425,0.0349065850398866
"528",2,78,-0.357717640394595,10.2312087884952,0.0349065850398866
"529",2,79,-0.362362378438929,10.3640545845454,0.0349065850398866
"530",2,80,-0.367005541385255,10.4968553306604,0.0349065850398866
"531",2,81,-0.371651575148116,10.6297381860146,0.0349065850398866
"532",2,82,-0.376298846075693,10.7626564259546,0.0349065850398866
"533",2,83,-0.380946386311191,10.8955823684658,0.0349065850398866
"534",2,84,-0.38559330508346,11.0284905362872,0.0349065850398866
"535",2,85,-0.390238802879648,11.1613580622691,0.0349065850398866
"536",2,86,-0.394885922682446,11.2942719798358,0.0349065850398866
"537",2,87,-0.39953319809404,11.4271903480248,0.0349065850398866
"538",2,88,-0.404181080115245,11.5601260660699,0.0349065850398866
"539",2,89,-0.408828284978981,11.6930424164946,0.0349065850398866
"540",2,90,-0.413476292130216,11.8259817134279,0.0349065850398866
"541",2,91,-0.418123168872804,11.9588886791436,0.0349065850398866
"542",2,92,-0.422771572972514,12.0918393293407,0.0349065850398866
"543",2,93,-0.42741656873749,12.2246924965502,0.0349065850398866
"544",2,94,-0.432062769544535,12.3575801295943,0.0349065850398866
"545",2,95,-0.436709520119301,12.4904834867395,0.0349065850398866
"546",2,96,-0.44135424611507,12.6233289381845,0.0349065850398866
"547",2,97,-0.446002002244836,12.756261055564,0.0349065850398866
"548",2,98,-0.45064879552822,12.8891656342334,0.0349065850398866
"549",2,99,-0.45529599853003,13.0220819314045,0.0349065850398866
"550",2,100,-0.459942171565744,13.154968770151,0.0349065850398866
"551",2,101,-0.46458860413043,13.2878630317773,0.0349065850398866
"552",2,102,-0.469235268895341,13.4207639346445,0.0349065850398866
"553",2,103,-0.47388051488874,13.5536242587257,0.0349065850398866
"554",2,104,-0.478527452610071,13.686532968516,0.0349065850398866
"555",2,105,-0.483173059703551,13.8194036205483,0.0349065850398866
"556",2,106,-0.487819871440156,13.9523087270049,0.0349065850398866
"557",2,107,-0.492466727536173,14.0852151022007,0.0349065850398866
"558",2,108,-0.497112670643673,14.2180953646889,0.0349065850398866
"559",2,109,-0.501760385507272,14.3510263018002,0.0349065850398866
"560",2,110,-0.506405174341694,14.4838735505157,0.0349065850398866
"561",2,111,-0.511052659914974,14.6167979296134,0.0349065850398866
"562",2,112,-0.515698710763384,14.7496812736375,0.0349065850398866
"563",2,113,-0.520344308959513,14.8825516711936,0.0349065850398866
"564",2,114,-0.524991567460294,15.0154695557104,0.0349065850398866
"565",2,115,-0.529636001912245,15.1483066686075,0.0349065850398866
"566",2,116,-0.534282475991158,15.281202117597,0.0349065850398866
"567",2,117,-0.538928487173004,15.4140843271037,0.0349065850398866
"568",2,118,-0.543574181584645,15.5469574765537,0.0349065850398866
"569",2,119,-0.548220523273314,15.6798491390029,0.0349065850398866
"570",2,120,-0.552867155077395,15.8127490991457,0.0349065850398866
"571",2,121,-0.557519047902585,15.9457995316145,0.0349065850398866
"572",2,122,-0.56216285323181,16.07861865075,0.0349065850398866
"573",2,123,-0.566806763593672,16.2114407739611,0.0349065850398866
"574",2,124,-0.571453332255638,16.3443389281539,0.0349065850398866
"575",2,125,-0.576099100153969,16.4772141794227,0.0349065850398866
"576",2,126,-0.580744077197475,16.6100668111728,0.0349065850398866
"577",2,127,-0.585390220270888,16.7429527929569,0.0349065850398866
"578",2,128,-0.590037239977931,16.8758638476495,0.0349065850398866
"579",2,129,-0.594684366447952,17.0087779559079,0.0349065850398866
"580",2,130,-0.599330790711872,17.1416719801211,0.0349065850398866
"581",2,131,-0.603975661247804,17.2745215656104,0.0349065850398866
"582",2,132,-0.608622327210651,17.4074225027402,0.0349065850398866
"583",2,133,-0.61326824759294,17.5403021152566,0.0349065850398866
"584",2,134,-0.617913956742197,17.6731756862224,0.0349065850398866
"585",2,135,-0.622561845261161,17.8061115901121,0.0349065850398866
"586",2,136,-0.62721234203889,17.9391220937336,0.0349065850398866
"587",2,137,-0.631861027624328,18.0720807948036,0.0349065850398866
"588",2,138,-0.636501621729532,18.2048080685847,0.0349065850398866
"589",2,139,-0.641147297096553,18.3376806733328,0.0349065850398866
"590",2,140,-0.645794528826959,18.4705977921807,0.0349065850398866
"591",2,141,-0.650445591098417,18.6036244696883,0.0349065850398866
"592",2,142,-0.655089778799906,18.7364545251882,0.0349065850398866
"593",2,143,-0.659731972687411,18.8692275549089,0.0349065850398866
"594",2,144,-0.664378805815202,19.0021332731824,0.0349065850398866
"595",2,145,-0.669025062976545,19.1350225180357,0.0349065850398866
"596",2,146,-0.67367290855423,19.2679571937467,0.0349065850398866
"597",2,147,-0.678316674226609,19.4007751786427,0.0349065850398866
"598",2,148,-0.682965369831448,19.5337341662811,0.0349065850398866
"599",2,149,-0.687612586151933,19.6666508443844,0.0349065850398866
"600",2,150,-0.692257716515017,19.799507861282,0.0349065850398866
